
-- to keep security, ALL photos are set to null in tis file,
-- please update db manually

INSERT INTO `buddy` (`id`, `name`, `phone`, `groupId`) VALUES
(1, 'Sam', NULL, 1),
(2, 'Winnie', NULL, 1),
(3, 'ar 龍', NULL, 2),
(4, '-6', NULL, 2),
(5, 'Angel', NULL, 2),
(6, 'A神', NULL, 2),
(7, 'Haco', NULL, 2),
(8, 'Kate', NULL, 2),
(9, 'Mung Ni', NULL, 2),
(10, '斌仔', NULL, 2),
(11, 'Sammy', NULL, 2),
(12, 'Shir', NULL, 2),
(13, '芬', NULL, 2),
(14, '智', NULL, 2),
(15, '發', NULL, 2),
(16, '禮盛', NULL, 2),
(17, 'Jessica', NULL, 2),
(18, '達', NULL, 2),
(19, 'Duck', NULL, 2),
(20, 'OiYan', NULL, 2),
(21, '溫總', NULL, 2),
(22, 'Christy', NULL, 2),
(23, 'Toe', NULL, 2),
(24, '#信', NULL, 2),
(25, 'Outlook', NULL, 2),
(26, '大師兄', NULL, 2),
(27, '楊佩兒', NULL, 2);

INSERT INTO `event` (`id`, `name`, `status`, `isDrawEvent`, `date`, `year`, `venue`, `location`, `groupId`, `createBy`, `modifyBy`) VALUES
(1, '2017 Christmas Party', 'Ended', 1, '2017-12-16', 2017, 'PartyMad 狂玩派', '觀塘成業街19-21號成業工業大廈1樓10室', 2, 'Master', 'Master'),
(2, '2016 Christmas Party', 'Ended', 1, '2016-12-17', 2016, 'Hide n seek - Circus', '觀塘開源道54號豐利中心3樓及6樓', 2, 'Master', 'Master'),
(3, '2013 Christmas Party', 'Ended', 1, '2013-12-27', 2013, '發達會所', NULL, 2, 'Master', 'Master'),
(4, '2015 Christmas Party', 'Ended', 1, '2015-12-20', 2015, '官中站', '觀塘工業中心第二期1樓J室', 2, 'Master', 'Master'),
(5, '2018 Christmas Party', 'Ended', 1, '2018-12-23', 2018, '龍Party Room 14樓', '觀塘成業街19-21號成業工業大廈14樓1424室', 2, 'Master', 'Master');

INSERT INTO `group` (`id`, `name`, `tree`) VALUES
(1, 'Master', 'ALL'),
(2, 'WWS', '2,3,4'),
(3, 'WWS couple', '3'),
(4, 'WWS kid', '4'),
(5, 'other', '5');

INSERT INTO `history` (`id`, `fromBuddy`, `toBuddy`, `eventId`) VALUES
(1, 3, 23, 1),
(2, 24, 11, 1),
(3, 23, 4, 1),
(4, 19, 12, 1),
(5, 11, 17, 1),
(6, 17, 5, 1),
(7, 12, 21, 1),
(8, 2, 10, 1),
(9, 1, 2, 1),
(10, 14, 19, 1),
(11, 4, 22, 1),
(12, 10, 24, 1),
(13, 5, 3, 1),
(14, 21, 14, 1),
(15, 22, 1, 1),
(16, 1, 11, 2),
(17, 11, 19, 2),
(18, 19, 24, 2),
(19, 24, 3, 2),
(20, 3, 23, 2),
(21, 23, 4, 2),
(22, 4, 1, 2),
(23, 12, 21, 2),
(24, 21, 6, 2),
(25, 6, 16, 2),
(26, 16, 14, 2),
(27, 14, 12, 2),
(28, 2, 5, 2),
(29, 5, 17, 2),
(30, 17, 9, 2),
(31, 9, 2, 2),
(32, 22, 7, 4),
(33, 7, 23, 4),
(34, 23, 9, 4),
(35, 9, 15, 4),
(36, 15, 19, 4),
(37, 19, 5, 4),
(38, 5, 3, 4),
(39, 3, 14, 4),
(40, 14, 26, 4),
(41, 26, 2, 4),
(42, 2, 18, 4),
(43, 18, 11, 4),
(44, 11, 25, 4),
(45, 25, 17, 4),
(46, 17, 6, 4),
(47, 6, 8, 4),
(48, 8, 1, 4),
(49, 1, 12, 4),
(50, 12, 4, 4),
(51, 4, 22, 4),
(52, 24, 3, 5),
(53, 5, 24, 5),
(54, 17, 5, 5),
(55, 12, 17, 5),
(56, 27, 12, 5),
(57, 6, 27, 5),
(58, 2, 6, 5),
(59, 1, 2, 5),
(60, 3, 1, 5),
(61, 11, 19, 5),
(62, 7, 11, 5),
(63, 19, 7, 5);

INSERT INTO `participant` (`id`, `eventId`, `buddyId`, `remark`) VALUES
(1, 1, 3, NULL),
(2, 1, 24, NULL),
(3, 1, 23, NULL),
(4, 1, 19, NULL),
(5, 1, 11, NULL),
(6, 1, 17, NULL),
(7, 1, 12, NULL),
(8, 1, 2, NULL),
(9, 1, 1, NULL),
(10, 1, 14, NULL),
(11, 1, 4, NULL),
(12, 1, 10, NULL),
(13, 1, 5, NULL),
(14, 1, 21, NULL),
(15, 1, 22, NULL),
(16, 2, 1, NULL),
(17, 2, 11, NULL),
(18, 2, 19, NULL),
(19, 2, 24, NULL),
(20, 2, 3, NULL),
(21, 2, 23, NULL),
(22, 2, 4, NULL),
(23, 2, 12, NULL),
(24, 2, 21, NULL),
(25, 2, 6, NULL),
(26, 2, 16, NULL),
(27, 2, 14, NULL),
(28, 2, 2, NULL),
(29, 2, 5, NULL),
(30, 2, 17, NULL),
(31, 2, 9, NULL),
(32, 4, 22, NULL),
(33, 4, 7, NULL),
(34, 4, 23, NULL),
(35, 4, 9, NULL),
(36, 4, 15, NULL),
(37, 4, 19, NULL),
(38, 4, 5, NULL),
(39, 4, 3, NULL),
(40, 4, 14, NULL),
(41, 4, 26, NULL),
(42, 4, 2, NULL),
(43, 4, 18, NULL),
(44, 4, 11, NULL),
(45, 4, 25, NULL),
(46, 4, 17, NULL),
(47, 4, 6, NULL),
(48, 4, 8, NULL),
(49, 4, 1, NULL),
(50, 4, 12, NULL),
(51, 4, 4, NULL);

